"#:column 1-19 represent peptide residue positions, values are averaged RMSF over three replicas,unit: nm.",,,,,,,,,,,,,,,,,,,,,
PDBID,Peptide Sequence,Peptide Length,RES1,RES2,RES3,RES4,RES5,RES6,RES7,RES8,RES9,RES10,RES11,RES12,RES13,RES14,RES15,RES16,RES17,RES18,RES19
1AO7,LLFGYPVYV,9,0.6,0.71,0.4,0.33,0.46,0.51,0.44,0.36,0.45,,,,,,,,,,
1BD2,LLFGYPVYV,9,0.69,0.62,0.4,0.4,0.53,0.74,0.61,0.72,0.77,,,,,,,,,,
1FYT,PKYVKQNTLKLAT,13,0.74,0.75,0.45,0.53,0.68,0.52,0.65,0.66,0.73,0.74,0.7,0.94,1.71,,,,,,
1J8H,PKYVKQNTLKLAT,13,0.82,0.76,0.55,0.61,0.75,0.48,0.87,0.66,0.73,0.73,0.71,0.85,1.83,,,,,,
1LP9,ALWGFFPVL,9,0.58,0.79,0.39,0.33,0.69,0.41,0.48,0.45,0.53,,,,,,,,,,
1MI5,FLRGRAYGL,9,0.55,0.56,0.45,0.44,0.39,0.46,0.51,0.35,0.54,,,,,,,,,,
1OGA,GILGFVFTL,9,0.51,0.72,0.62,0.39,0.58,0.57,0.56,0.53,0.8,,,,,,,,,,
1QRN,LLFGYAVYV,9,0.93,0.84,0.46,0.53,0.51,0.5,0.59,0.37,0.55,,,,,,,,,,
1QSE,LLFGYPRYV,9,0.72,0.85,0.48,0.34,0.43,0.43,0.37,0.44,0.94,,,,,,,,,,
1QSF,LLFGYPVAV,9,1.07,0.87,0.81,0.65,0.79,0.76,1.19,0.73,0.96,,,,,,,,,,
1YMM,ENPVVHFFKNIVTP,14,1.38,0.82,0.6,0.57,0.54,0.71,0.78,0.74,0.96,0.88,1.2,1.1,1.31,1.74,,,,,
1ZGL,VHFFKNIVTPRTPG,14,1.23,0.99,0.71,0.66,0.84,0.79,0.9,1.3,1.17,1.05,1.3,1.29,1.55,2.68,,,,,
2AK4,LPEPLPQGQLTAY,13,0.91,0.68,0.65,0.58,0.69,0.49,0.62,0.44,1.13,0.84,1.27,0.6,0.69,,,,,,
2BNQ,SLLMWITQV,9,0.59,0.76,0.62,0.4,0.42,0.66,0.43,0.57,0.49,,,,,,,,,,
2BNR,SLLMWITQC,9,0.61,0.6,0.76,0.48,0.38,0.57,0.41,0.8,0.59,,,,,,,,,,
2ESV,VMAPRTLIL,9,0.97,0.92,0.47,0.48,0.52,0.68,0.62,0.57,0.61,,,,,,,,,,
2F53,SLLMWITQC,9,0.67,0.66,0.52,0.61,0.4,0.57,0.36,0.35,0.46,,,,,,,,,,
2F54,SLLMWITQC,9,0.48,0.53,0.54,0.64,0.7,0.64,0.41,0.43,0.42,,,,,,,,,,
2IAM,GELIGILNAAKVPAD,15,0.93,1.12,0.79,0.74,0.49,0.84,0.66,0.85,0.82,0.76,1.41,0.79,0.85,1.44,2.75,,,,
2IAN,GELIGTLNAAKVPAD,15,0.93,1.05,0.72,0.66,0.42,0.7,0.88,0.76,0.65,0.67,1.04,0.69,0.69,1.04,1.91,,,,
2J8U,ALWGFFPVL,9,0.59,0.63,0.39,0.38,0.44,0.49,0.47,0.51,0.5,,,,,,,,,,
2JCC,ALWGFFPVL,9,0.58,0.69,0.41,0.31,0.68,0.49,0.53,0.5,0.5,,,,,,,,,,
2NX5,EPLPQGQLTAY,11,0.63,0.48,0.73,0.61,0.66,0.51,0.94,0.77,0.49,0.49,0.69,,,,,,,,
2P5E,SLLMWITQC,9,0.58,0.84,0.65,0.53,0.37,0.74,0.55,0.52,0.46,,,,,,,,,,
2P5W,SLLMWITQC,9,0.59,0.77,0.57,0.5,0.39,0.72,0.52,0.67,0.43,,,,,,,,,,
2PYE,SLLMWITQC,9,0.68,0.84,0.58,0.68,0.36,0.63,0.35,0.36,0.4,,,,,,,,,,
2UWE,ALWGFFPVL,9,0.56,0.58,0.33,0.3,0.56,0.42,0.48,0.47,0.46,,,,,,,,,,
2VLJ,GILGFVFTL,9,0.5,0.46,0.52,0.36,0.66,0.47,0.49,0.59,0.52,,,,,,,,,,
2VLK,GILGFVFTL,9,0.51,0.57,0.59,0.36,0.59,0.46,0.42,0.38,0.53,,,,,,,,,,
2VLR,GILGFVFTL,9,0.47,0.58,0.61,0.34,0.39,0.44,0.42,0.43,0.62,,,,,,,,,,
2WBJ,MDFARVHFISALHGS,15,2.4,1.52,1.19,0.67,0.94,0.93,0.74,0.8,0.88,0.74,0.72,0.94,1.32,0.7,1.34,,,,
2YPL,KAFSPEVIPMF,11,1.1,0.55,0.5,0.51,0.47,0.65,0.66,0.67,0.62,1.04,0.9,,,,,,,,
3DXA,EENLLDFVRF,10,1.02,0.71,0.83,0.96,0.53,0.65,0.51,0.65,0.73,0.72,,,,,,,,,
3FFC,FLRGRAYGL,9,0.97,0.71,0.54,0.47,0.46,0.53,0.56,0.47,0.79,,,,,,,,,,
3GSN,NLVPMVATV,9,0.7,0.62,0.62,0.48,0.81,0.61,0.45,0.39,0.48,,,,,,,,,,
3H9S,MLWGYLQYV,9,0.71,0.69,0.5,0.56,0.57,1.08,0.99,1.01,0.79,,,,,,,,,,
3HG1,ELAGIGILTV,10,0.92,0.57,0.45,0.46,0.62,0.47,0.65,0.81,0.39,0.47,,,,,,,,,
3KPR,EEYLKAWTF,9,1,0.46,0.47,0.52,0.58,0.38,0.39,0.34,0.41,,,,,,,,,,
3KPS,EEYLQAFTY,9,1.08,0.59,0.5,0.78,0.54,0.41,0.5,0.39,0.45,,,,,,,,,,
3KXF,LPEPLPQGQLTAY,13,0.82,0.69,0.77,0.85,0.86,0.65,0.89,0.43,0.8,0.79,1.03,0.64,0.88,,,,,,
3MV7,HPVGEADYFEY,11,0.55,0.47,0.55,0.8,1,0.49,0.54,0.4,0.76,0.79,0.52,,,,,,,,
3MV8,HPVGEADYFEY,11,0.61,0.51,0.56,0.66,1.2,0.55,0.7,0.5,0.96,0.94,0.8,,,,,,,,
3MV9,HPVGEADYFEY,11,0.87,0.52,0.73,0.56,1.06,0.68,0.78,0.76,0.63,0.91,0.5,,,,,,,,
3O4L,GLCTLVAML,9,0.5,0.62,0.47,0.62,0.67,0.52,0.48,0.88,0.52,,,,,,,,,,
3O6F,FSWGAEGQRPGFGSGG,16,2,1.48,1.27,0.64,0.67,1.24,0.92,1.6,1.44,1.37,1.17,1.81,1.3,2.22,2.73,4.42,,,
3PL6,NPVVHFFKNIVTPR,14,1.92,1.03,0.97,0.69,0.81,0.64,0.54,0.89,0.52,0.76,0.8,0.68,0.72,1.7,,,,,
3PWP,LGYGFVNYI,9,0.86,0.4,0.39,0.36,0.43,0.58,0.68,0.41,0.74,,,,,,,,,,
3QDG,ELAGIGILTV,10,0.73,0.79,0.48,0.47,0.61,0.42,0.6,0.51,0.4,0.49,,,,,,,,,
3QDJ,AAGIGILTV,9,0.65,0.53,0.47,0.78,0.41,0.54,0.48,0.36,0.45,,,,,,,,,,
3QDM,ELAGIGILTV,10,0.93,0.83,0.44,0.45,0.62,0.41,0.58,0.81,0.4,0.55,,,,,,,,,
3QEQ,AAGIGILTV,9,0.48,0.4,0.38,0.52,0.34,0.53,0.54,0.49,0.54,,,,,,,,,,
3QFJ,LLFGFPVYV,9,0.74,0.72,0.38,0.29,0.39,0.42,0.64,0.33,0.44,,,,,,,,,,
3SJV,FLRGRAYGL,9,0.72,0.6,0.52,0.54,0.55,0.58,0.78,0.42,0.66,,,,,,,,,,
3T0E,FSWGAEGQRPGFGSGG,16,2.06,1.09,0.94,0.58,0.63,0.88,0.7,1.22,1.03,0.97,0.86,1.06,1.58,2.19,2.48,4.15,,,
3UTS,ALWGPDPAAA,10,0.58,0.62,0.57,0.5,0.75,0.81,0.48,0.52,0.48,0.63,,,,,,,,,
3UTT,ALWGPDPAAA,10,0.54,0.8,0.48,0.42,0.5,0.9,0.46,0.48,0.47,0.7,,,,,,,,,
3VXM,RFPLTFGWCF,10,1.13,0.51,0.5,0.65,0.44,0.59,0.41,0.49,0.71,0.6,,,,,,,,,
3VXR,RYPLTFGWCF,10,0.53,0.44,0.43,0.53,0.53,0.44,0.35,0.4,0.59,0.47,,,,,,,,,
3VXS,RYPLTLGWCF,10,1.04,0.41,0.48,0.59,0.41,0.61,0.39,0.44,0.45,0.47,,,,,,,,,
3VXU,RFPLTFGWCF,10,0.85,0.76,0.52,0.73,0.65,0.7,0.72,0.81,0.72,0.51,,,,,,,,,
3W0W,RFPLTFGWCF,10,0.59,0.52,0.44,0.6,0.58,0.83,0.54,0.59,0.88,0.59,,,,,,,,,
4E41,GELIGILNAAKVPAD,15,1.08,1.11,0.72,0.66,0.4,0.58,0.59,0.97,0.74,0.82,1.08,0.75,0.76,1.11,2.3,,,,
4EUP,ALGIGILTV,9,0.56,0.74,0.44,0.46,0.39,0.59,0.87,0.5,0.44,,,,,,,,,,
4EUQ,EAAGIGILTV,10,1.3,0.77,0.89,0.67,0.88,0.54,0.73,0.81,0.59,0.66,,,,,,,,,
4FTV,LLFGYPVYV,9,0.79,0.71,0.35,0.3,0.35,0.39,0.48,0.32,0.45,,,,,,,,,,
4G8G,KRWIILGLNK,10,0.8,0.38,0.46,0.55,0.51,0.76,0.46,0.53,0.53,0.7,,,,,,,,,
4G9F,KRWIIMGLNK,10,0.63,0.38,0.4,0.54,0.5,0.66,0.44,0.5,0.65,0.61,,,,,,,,,
4GG6,SGEGSFQPSQENP,13,1.61,0.71,0.9,0.48,0.51,0.54,0.85,0.54,0.62,0.86,0.56,1.17,1.57,,,,,,
4GRL,RLLMLFAKDVVSRN,14,2.13,1.28,1.18,0.79,0.64,0.73,0.55,1.01,0.51,0.6,0.64,0.67,1.4,1.58,,,,,
4H1L,QHIRCNIPKRISA,13,1.51,1.07,0.7,0.72,0.81,0.53,0.69,0.56,0.59,0.83,0.8,1.13,1.75,,,,,,
4JFD,ELAAIGILTV,10,0.83,0.76,0.45,0.59,0.51,0.37,0.52,0.7,0.38,0.44,,,,,,,,,
4JFE,ELAGIGALTV,10,0.68,0.69,0.52,0.49,0.53,0.41,0.53,0.89,0.5,0.46,,,,,,,,,
4JFF,ELAGIGILTV,10,0.83,0.61,0.45,0.39,0.52,0.4,0.76,0.67,0.37,0.43,,,,,,,,,
4JRX,LPEPLPQGQLTAY,13,1.04,0.66,0.61,0.58,0.67,0.46,0.48,0.4,0.81,0.95,0.97,0.64,0.75,,,,,,
4JRY,LPEPLPQGQLTAY,13,0.87,0.56,0.72,0.61,0.58,0.62,1.33,0.58,1.27,1.1,1.08,0.64,0.82,,,,,,
4L3E,ELAGIGILTV,10,0.81,0.77,0.52,0.47,0.61,0.44,0.76,0.61,0.41,0.52,,,,,,,,,
4MAY,QLVHFVRDFAQL,12,1.41,1.05,0.69,0.75,0.79,0.56,0.92,0.42,0.61,0.5,0.53,1.07,,,,,,,
4MJI,TAFTIPSI,8,0.73,0.49,0.53,0.54,0.57,0.44,0.52,0.83,,,,,,,,,,,
4MNQ,ILAKFLHWL,9,0.59,0.54,0.47,0.57,0.62,0.66,0.56,0.56,0.6,,,,,,,,,,
4OZF,APQPELPYPQPGS,13,0.99,0.67,1.01,0.52,0.56,0.58,0.56,0.7,0.74,0.79,0.79,1.33,2.67,,,,,,
4OZH,APQPELPYPQPG,12,0.78,0.6,0.7,0.62,0.46,0.92,0.55,0.6,0.56,0.64,0.72,1.68,,,,,,,
4OZI,QPFPQPELPYP,11,1.26,0.55,1.04,0.58,0.8,0.55,0.57,0.74,0.51,1.16,0.94,,,,,,,,
4P4K,QAFWIDLFETIG,12,1.28,0.5,0.52,0.5,0.59,0.76,0.71,0.64,0.89,0.87,0.89,1.52,,,,,,,
4PRI,HPVGEADYFEY,11,0.75,0.51,0.59,0.49,0.48,0.47,0.38,0.41,0.41,0.88,0.6,,,,,,,,
4PRP,HPVGQADYFEY,11,1.02,0.54,0.58,0.5,0.82,0.52,0.57,0.42,0.73,0.82,0.84,,,,,,,,
4QOK,EAAGIGILTV,10,0.89,0.63,0.86,0.85,0.67,0.54,0.7,0.83,0.47,0.5,,,,,,,,,
4QRP,HSKKKCDEL,9,0.61,0.61,0.65,0.75,0.6,0.98,0.84,0.81,0.56,,,,,,,,,,
4QRR,IPSINVHHY,9,0.64,0.49,0.42,0.79,0.92,0.86,0.63,0.61,0.75,,,,,,,,,,
4Y19,QPLALEGSLQKRG,13,2.17,1.07,1.13,0.85,1.23,1.05,0.7,0.8,0.88,1.21,0.78,2.09,1.98,,,,,,
4Y1A,LQPLALEGSLQKRG,14,1.44,1.24,0.88,0.87,0.66,0.82,0.97,0.64,0.71,0.69,1.24,0.66,2.17,1.73,,,,,
4Z7U,PSGEGSFQPSQENPQ,15,1.66,1.35,0.81,0.89,0.54,0.49,0.53,0.98,0.54,0.64,0.81,0.69,0.96,1.06,2.32,,,,
4Z7V,SGEGSFQPSQENP,13,0.82,0.45,0.66,0.35,0.32,0.41,0.42,0.42,0.36,0.56,0.43,0.98,1.33,,,,,,
4Z7W,PSGEGSFQPSQENPQ,15,1.82,1.08,0.68,0.91,0.52,0.46,0.56,0.56,0.51,0.55,0.75,0.68,1.05,1.14,2.67,,,,
5BRZ,EVDPIGHLY,9,0.67,0.55,0.33,0.37,0.5,0.45,0.46,0.56,0.41,,,,,,,,,,
5BS0,ESDPIVAQY,9,0.61,0.43,0.37,0.41,0.49,0.59,0.6,1.24,0.55,,,,,,,,,,
5C07,YQFGPDFPIA,10,0.6,0.46,0.47,0.35,0.36,0.33,0.6,0.37,0.53,0.59,,,,,,,,,
5C08,RQWGPDPAAV,10,0.95,0.58,0.66,0.5,0.56,0.97,0.62,0.59,0.58,0.73,,,,,,,,,
5C09,YLGGPDFPTI,10,1.5,1.08,0.7,0.65,0.68,0.61,0.57,0.51,0.76,0.72,,,,,,,,,
5C0A,MVWGPDPLYV,10,0.96,0.74,0.6,0.6,0.79,0.95,0.66,0.73,0.67,0.58,,,,,,,,,
5C0B,RQFGPDFPTI,10,1.39,0.54,0.54,0.47,0.52,0.55,0.47,0.46,0.46,0.57,,,,,,,,,
5C0C,RQFGPDWIVA,10,0.9,0.54,0.52,0.42,0.49,0.54,0.49,0.62,0.5,0.75,,,,,,,,,
5D2L,NLVPMVATV,9,0.7,0.76,0.83,0.5,0.89,0.56,0.43,0.42,0.6,,,,,,,,,,
5D2N,NLVPMVATV,9,0.86,0.82,0.69,0.67,0.97,0.94,0.55,0.49,0.55,,,,,,,,,,
5E6I,GILGFVFTL,9,0.73,0.8,0.72,0.47,0.76,0.79,0.59,0.74,0.58,,,,,,,,,,
5E9D,ELAGIGILTV,10,0.76,0.68,0.46,0.37,0.58,0.43,0.7,0.84,0.38,0.61,,,,,,,,,
5EU6,YLEPGPVTV,9,0.62,0.58,0.43,0.66,0.59,0.53,0.8,0.55,0.58,,,,,,,,,,
5EUO,GILGFVFTL,9,0.8,0.78,0.93,0.52,0.86,0.69,0.65,0.52,0.6,,,,,,,,,,
5HHO,GILEFVFTL,9,0.59,0.51,0.62,0.67,0.64,0.69,0.71,0.52,0.65,,,,,,,,,,
5HYJ,AQWGPDPAAA,10,0.51,0.46,0.58,0.42,0.41,0.63,0.48,0.53,0.47,0.51,,,,,,,,,
5ISZ,GILGFVFTL,9,0.42,0.56,0.76,0.39,0.41,0.48,0.46,0.56,0.57,,,,,,,,,,
5JHD,GILGFVFTL,9,0.57,0.43,0.44,0.35,0.41,0.65,0.48,0.44,0.66,,,,,,,,,,
5JZI,KLVALGINAV,10,1.08,0.77,0.61,0.76,0.85,0.59,0.85,0.92,0.49,0.59,,,,,,,,,
5KS9,APSGEGSFQPSQENPQ,16,1.55,1.25,1.09,0.75,0.86,0.52,0.69,0.49,0.62,0.53,0.57,0.73,0.67,1.14,1.21,2.25,,,
5KSA,QPQQSFPEQEA,11,1.13,0.59,0.46,0.58,0.46,0.73,0.5,0.59,0.94,0.88,1.4,,,,,,,,
5KSB,GPQQSFPEQEA,11,1.08,0.75,0.71,0.59,0.43,0.5,0.45,0.42,0.44,0.71,1.1,,,,,,,,
5MEN,ILAKFLHWL,9,0.62,0.6,0.41,0.48,0.4,0.55,0.4,0.62,0.6,,,,,,,,,,
5NHT,ELAGIGILTV,10,1.03,0.91,0.59,0.48,0.7,0.5,0.69,0.6,0.47,0.65,,,,,,,,,
5NME,SLYNTVATL,9,0.6,0.66,0.4,0.38,0.38,0.57,0.41,0.39,0.45,,,,,,,,,,
5NMF,SLYNTIATL,9,0.57,0.81,0.35,0.54,0.35,0.53,0.39,0.36,0.5,,,,,,,,,,
5NMG,SLFNTIAVL,9,0.63,0.62,0.41,0.47,0.44,0.76,0.44,0.44,0.64,,,,,,,,,,
5NQK,ELAGIGILTV,10,0.91,0.82,0.55,0.48,0.57,0.5,0.71,0.59,0.51,0.52,,,,,,,,,
5TEZ,GILGFVFTL,9,0.48,0.64,0.48,0.4,0.62,0.46,0.48,0.45,0.49,,,,,,,,,,
5W1V,VMAPRTLIL,9,0.93,0.75,0.58,0.61,0.54,0.48,0.78,0.75,0.71,,,,,,,,,,
5W1W,VMAPRTLVL,9,0.88,0.71,0.6,0.62,0.53,0.45,0.68,0.5,0.6,,,,,,,,,,
5WKF,GTSGSPIVNR,10,0.47,0.37,0.44,0.37,0.39,0.42,0.49,0.76,0.52,0.44,,,,,,,,,
5WKH,GTSGSPIINR,10,0.49,0.39,0.48,0.55,0.47,0.47,0.54,0.52,0.35,0.52,,,,,,,,,
5XOT,IPLTEEAEL,9,0.71,0.46,0.77,0.55,0.68,0.95,0.55,0.9,0.85,,,,,,,,,,
5XOV,RYPLTFGWCF,10,0.9,0.44,0.47,0.56,0.51,0.47,0.42,0.46,0.75,0.53,,,,,,,,,
5YXN,KLVALGINAV,10,1.47,1.04,0.98,0.83,1.03,0.63,0.93,0.85,0.58,0.63,,,,,,,,,
5YXU,KLVALGINAV,10,1.02,0.79,0.49,0.51,0.59,0.42,0.57,0.62,0.42,0.51,,,,,,,,,
6AM5,SMLGIGIVPV,10,0.53,0.68,0.68,0.63,0.79,0.45,0.67,0.75,0.44,0.47,,,,,,,,,
6AMU,MMWDRGLGMM,10,0.82,0.82,0.54,0.8,0.62,0.46,0.78,0.65,0.92,1.25,,,,,,,,,
6AVF,APRGPHGGAASGL,13,0.64,0.44,0.52,0.39,0.59,0.81,0.41,0.49,0.5,0.57,0.73,0.47,0.72,,,,,,
6AVG,APRGPHGGAASGL,13,0.6,0.51,0.57,0.71,0.95,0.98,0.52,0.42,0.53,0.6,0.57,0.43,0.6,,,,,,
6BJ2,IPLTEEAEL,9,0.83,0.53,0.73,0.66,0.87,0.56,0.51,0.65,0.72,,,,,,,,,,
6BJ3,IPLTEEAEL,9,0.71,0.45,0.81,0.69,0.61,0.42,0.47,0.86,0.52,,,,,,,,,,
6BJ8,VPLTEDAEL,9,0.87,0.49,0.63,0.62,0.47,0.52,0.46,0.82,0.62,,,,,,,,,,
6CQL,RFYKTLRAEQASQ,13,1.3,0.64,0.55,0.81,0.82,0.62,0.62,0.6,0.76,0.93,0.51,0.59,1.36,,,,,,
6CQN,RFYKTLRAEQASQ,13,1.35,0.97,0.55,0.88,0.8,0.81,0.83,0.68,0.92,1.21,0.66,1.03,1.65,,,,,,
6CQQ,RFYKTLRAEQASQ,13,1.25,0.85,0.48,0.74,0.9,0.8,0.68,0.58,0.62,0.82,0.5,0.59,1.51,,,,,,
6CQR,RFYKTLRAEQASQ,13,1.48,0.76,0.69,0.69,0.65,0.67,0.59,0.6,0.48,0.7,0.48,0.49,1.29,,,,,,
6D78,AAGIGILTV,9,1.24,0.73,0.64,0.88,0.99,1.24,0.95,0.69,0.78,,,,,,,,,,
6DFX,VEELYLVAGEEGCGGGGSL,19,1.64,1.26,0.96,0.91,0.74,1.16,0.81,0.76,0.81,1.37,1.13,1.21,1.3,1.34,1.92,2.26,2.1,2.6,3.48
6DKP,ELAGIGILTV,10,0.72,0.76,0.42,0.37,0.56,0.43,0.52,0.67,0.42,0.46,,,,,,,,,
6EQA,AAGIGILTV,9,0.74,0.73,0.48,0.71,0.46,0.61,0.85,0.43,0.54,,,,,,,,,,
6EQB,AAGIGILTV,9,0.65,0.44,0.36,0.48,0.37,0.66,0.76,0.37,0.42,,,,,,,,,,
6MTM,FEDLRVLSF,9,1.12,0.91,1.1,1.11,0.85,1.15,0.91,0.76,0.69,,,,,,,,,,
6P64,KQWLVWLFL,9,0.62,0.36,0.38,0.62,0.47,0.49,0.44,0.44,0.59,,,,,,,,,,
6PX6,APFSEQEQPVLG,12,1.24,0.85,1.15,0.62,0.52,0.93,0.54,0.68,0.6,0.71,1.37,1.63,,,,,,,
6PY2,APFSEQEQPVLG,12,1.13,0.64,0.62,0.46,0.49,0.54,0.54,0.55,0.66,0.71,1.58,2.08,,,,,,,
6Q3S,SLLMWITQV,9,0.68,0.81,0.52,0.47,0.38,0.65,0.44,0.35,0.51,,,,,,,,,,
6R0E,PKYVKQNTLKLAT,13,0.83,0.74,0.4,0.54,0.46,0.53,0.43,0.53,0.48,0.68,0.48,0.51,1.28,,,,,,
6R2L,SLSKILDTV,9,0.53,0.75,0.4,0.5,0.6,0.67,0.65,0.41,0.5,,,,,,,,,,
6RP9,SLLMWITQV,9,0.58,0.75,0.58,0.58,0.4,0.43,0.43,0.47,0.44,,,,,,,,,,
6RPA,SLLMWITQV,9,0.66,0.78,0.65,0.44,0.43,0.87,0.74,0.7,0.55,,,,,,,,,,
6RPB,SLLMWITQV,9,0.55,0.59,0.64,0.66,0.94,0.71,0.7,0.48,0.57,,,,,,,,,,
6RSY,RMFPNAPYL,9,0.87,0.94,0.5,0.51,0.9,0.67,0.56,0.63,0.95,,,,,,,,,,
6TMO,EAAGIGILTV,10,0.83,0.45,0.47,0.41,0.51,0.34,0.55,0.66,0.42,0.46,,,,,,,,,
6TRO,GVYDGREHTV,10,0.55,0.61,0.61,0.69,0.4,0.62,0.9,0.92,0.71,0.52,,,,,,,,,
6U3N,APMPMPELPYP,11,1.04,0.7,0.9,0.54,0.82,0.57,0.51,0.61,0.56,0.68,0.96,,,,,,,,
6U3O,AVVQSELPYPEGS,13,0.81,0.68,0.59,0.59,0.5,0.63,0.63,0.55,0.7,0.65,0.88,0.82,1.74,,,,,,
6UK2,KQWLVWLLL,9,0.84,0.53,0.35,0.59,0.45,0.68,0.68,0.9,0.7,,,,,,,,,,
6UK4,KQWLVWLFL,9,0.72,0.5,0.34,0.45,0.42,0.45,0.51,0.58,0.65,,,,,,,,,,
6ULN,GADGVGKSA,9,0.55,0.36,0.33,0.33,0.43,0.38,0.49,0.32,0.44,,,,,,,,,,
6ULR,GADGVGKSA,9,0.43,0.36,0.31,0.35,0.5,0.34,0.49,0.38,0.44,,,,,,,,,,
6UON,GADGVGKSAL,10,0.54,0.47,0.49,0.45,0.53,0.61,0.88,0.65,0.57,0.8,,,,,,,,,
6VM7,ITDQVPFSV,9,0.89,0.65,0.66,1.31,0.86,0.96,1,0.56,0.63,,,,,,,,,,
6VM8,IMDQVPFSV,9,1.19,0.73,0.6,0.51,0.73,0.55,1,0.57,0.56,,,,,,,,,,
6VM9,IMDQVPFSV,9,0.74,0.8,0.48,0.72,0.68,0.48,1.08,0.76,0.57,,,,,,,,,,
6VMA,ITDQVPFSV,9,0.64,0.39,0.59,0.74,0.54,0.55,1.19,0.66,0.52,,,,,,,,,,
6VMC,ILDQVPFSV,9,1.36,1.42,1.17,1.53,1.26,1.49,1.49,1.04,1.6,,,,,,,,,,
6VMX,RPPIFIRRL,9,0.59,0.46,0.41,0.61,0.38,0.44,0.36,0.44,0.5,,,,,,,,,,
6VQO,HMTEVVRHC,9,0.8,0.83,0.46,0.64,0.54,0.83,0.57,0.55,0.48,,,,,,,,,,
6VRM,HMTEVVRHC,9,0.72,0.75,0.49,0.91,0.53,0.59,0.52,0.66,0.46,,,,,,,,,,
6VRN,HMTEVVRHC,9,1.52,0.73,0.58,1.01,0.59,0.68,0.47,0.5,0.45,,,,,,,,,,
6XC9,GQVELGGGNAVEVCKGS,17,1.25,1.15,0.71,0.81,0.75,0.6,0.63,0.62,0.59,0.5,0.8,0.55,0.79,1.15,1.6,1.53,2.65,,
6XCO,GQVELGGGNAVEVCK,15,2.03,1.54,0.74,0.72,0.68,0.51,0.53,0.69,0.69,0.54,0.68,0.52,0.74,0.89,1.73,,,,
6XCP,GQVELGGGNAVEVCKGS,17,2.65,1.88,1.27,1.15,1.13,1.12,1.25,0.99,1.12,0.81,1.36,1.15,1.74,1.73,1.83,1.93,3.73,,
6ZKW,RLPAKAPLL,9,1.37,0.61,0.57,0.71,0.74,0.52,0.48,0.57,0.53,,,,,,,,,,
6ZKX,RLPAKAPLLGCG,12,1.26,0.7,0.71,0.74,0.85,0.55,0.61,0.72,0.72,0.61,1.3,2.08,,,,,,,
7DZM,TPQDLNTML,9,0.66,0.38,0.67,0.66,0.55,0.42,0.68,0.7,0.58,,,,,,,,,,
7DZN,TPQDLNTML,9,0.88,0.49,0.65,0.72,0.76,0.5,0.71,0.69,0.6,,,,,,,,,,
7L1D,ALHGGWTTK,9,0.74,0.61,0.53,0.52,0.5,0.41,0.38,0.36,0.36,,,,,,,,,,
7N1E,RLQSLQTYV,9,1.13,0.85,0.84,0.49,0.55,0.43,0.49,0.51,0.52,,,,,,,,,,
7N1F,YLQPRTFLL,9,0.84,0.67,0.69,0.59,0.49,0.72,0.6,0.99,0.8,,,,,,,,,,
7N2N,TRLALIAPK,9,0.59,0.5,0.44,0.44,0.59,0.57,0.4,0.35,0.54,,,,,,,,,,
7N2O,LRVMMLAPF,9,0.82,0.42,0.49,0.68,0.79,0.63,0.46,0.41,0.46,,,,,,,,,,
7N2P,GQVMVVAPR,9,0.94,0.66,0.64,0.77,0.51,0.5,0.43,0.45,0.39,,,,,,,,,,
7N2Q,LRVMMLAPF,9,0.73,0.41,0.55,0.71,0.82,0.66,0.46,0.39,0.57,,,,,,,,,,
7N2R,TRLALIAPK,9,0.52,0.46,0.43,0.43,0.6,0.65,0.41,0.37,0.5,,,,,,,,,,
7N2S,TRLALIAPK,9,0.5,0.38,0.43,0.41,0.52,0.58,0.39,0.35,0.51,,,,,,,,,,
7N6E,YLQPRTFLL,9,1.02,0.63,0.46,0.46,0.36,0.42,0.39,0.49,0.51,,,,,,,,,,
7NDQ,RMYSPVSIL,9,1.36,0.73,0.81,0.57,0.49,0.75,0.61,0.68,0.7,,,,,,,,,,
7NME,QLPRLFPLL,9,0.99,0.68,0.52,0.81,1.06,0.54,0.52,0.73,0.6,,,,,,,,,,
7NMF,QLPRLFPLL,9,0.9,0.61,0.5,0.88,0.67,0.49,0.43,0.53,0.64,,,,,,,,,,
7NMG,LWMRLLPLL,9,0.92,0.47,0.7,0.74,0.67,0.94,0.56,0.61,0.64,,,,,,,,,,
7OW5,VVVGAGGVGK,10,0.96,0.58,0.78,0.66,0.69,0.76,0.69,0.94,0.4,0.55,,,,,,,,,
7OW6,VVVGADGVGK,10,1.07,0.53,0.54,0.42,0.43,0.45,0.37,0.76,0.4,0.68,,,,,,,,,
7PB2,VVVGADGVGK,10,0.78,0.45,0.49,0.41,0.43,0.43,0.39,0.71,0.37,0.55,,,,,,,,,
7PBC,GLYDGMEHL,9,0.47,0.61,0.41,0.5,0.5,0.79,0.68,0.39,0.48,,,,,,,,,,
7PBE,YLQPRTFLL,9,0.73,0.72,0.63,0.48,0.51,0.41,0.45,0.54,0.61,,,,,,,,,,
7PDW,GLYDGMEHL,9,0.49,0.57,0.48,0.48,0.49,0.69,0.71,0.47,0.57,,,,,,,,,,
7PHR,YLEPGPVTV,9,0.52,0.59,0.47,0.43,0.35,0.4,0.53,0.41,0.52,,,,,,,,,,
7Q99,NLSALGIFST,10,0.86,0.91,0.65,0.6,0.55,0.54,0.77,0.82,0.65,0.8,,,,,,,,,
7Q9A,LLLGIGILVL,10,0.86,0.77,0.72,0.47,0.82,0.47,0.62,0.73,0.53,0.72,,,,,,,,,
7Q9B,EAAGIGILTV,10,0.74,0.47,0.49,0.48,0.53,0.47,0.76,0.54,0.37,0.44,,,,,,,,,
7QPJ,GLYDGMEHL,9,0.45,0.86,0.41,0.42,0.47,0.62,0.82,0.49,0.63,,,,,,,,,,
7R80,QASQEVKNW,9,0.81,0.45,0.37,0.71,0.53,0.78,0.52,0.74,0.56,,,,,,,,,,
7RM4,HMTEVVRHC,9,1.3,0.67,0.56,0.94,0.54,0.68,0.45,0.68,0.54,,,,,,,,,,
7RRG,ALHGGWTTK,9,0.7,0.88,0.66,0.46,0.5,0.47,0.52,0.56,0.41,,,,,,,,,,
7RTR,YLQPRTFLL,9,0.9,0.7,0.98,0.52,0.65,0.77,0.7,0.77,0.67,,,,,,,,,,
7SG0,QPFPQPEQPFP,11,1.34,0.68,0.92,0.65,0.78,0.61,0.59,0.47,0.46,1.04,0.86,,,,,,,,
7SG1,QPFPQPELPYGSGGS,15,1.42,0.86,0.84,0.73,0.91,0.64,0.72,0.92,0.7,0.83,0.83,1.31,1.59,1.54,2.93,,,,
7SG2,QPFPQPEQPFPGS,13,0.78,0.59,0.76,0.72,1.05,0.55,0.53,0.78,0.67,0.79,0.64,0.8,1.64,,,,,,
7SU9,GADGVGKSL,9,0.54,0.39,0.35,0.39,0.62,0.37,0.49,0.33,0.54,,,,,,,,,,
7T2B,ATGLAWEWWRTVYE,14,1.78,1.32,0.6,0.78,0.53,0.57,0.52,0.54,0.56,0.66,0.84,0.63,1.79,1.68,,,,,
7T2C,TGLAWEWWRTVY,12,1.82,0.56,0.7,0.45,0.52,0.41,0.48,0.42,0.45,0.74,0.66,1,,,,,,,
7T2D,ATGLAWEWWRTVYE,14,2.69,1.75,0.66,0.84,0.57,0.59,0.65,0.57,0.58,0.61,0.61,0.61,1.16,1.66,,,,,
8CX4,LRVMMLAPF,9,0.66,0.34,0.42,0.61,0.62,0.64,0.42,0.34,0.39,,,,,,,,,,
8DNT,LLLDRLNQL,9,1.03,0.88,0.68,0.61,0.52,0.67,0.65,0.94,0.68,,,,,,,,,,
8EN8,LPFDKSTIM,9,0.62,0.43,0.42,0.62,0.66,0.8,0.63,0.97,0.68,,,,,,,,,,
8ENH,LPFEKSTIM,9,0.61,0.41,0.37,0.39,0.46,0.57,0.53,0.59,0.56,,,,,,,,,,
8EO8,LPFDKATIM,9,0.63,0.41,0.41,0.53,0.53,0.5,0.51,0.48,0.63,,,,,,,,,,
8ES8,GVYDGREHTV,10,0.44,0.46,0.42,0.44,0.33,0.6,0.75,0.6,0.55,0.63,,,,,,,,,
8ES9,GVYDGREHTV,10,0.46,0.45,0.37,0.37,0.32,0.68,0.39,0.67,0.59,0.58,,,,,,,,,
8F5A,TSTLQEQIGW,10,0.43,0.32,0.33,0.5,0.38,0.67,0.53,0.63,0.42,0.46,,,,,,,,,
8GOM,RLQSLQTYV,9,0.58,0.78,0.73,0.62,0.6,0.7,0.58,0.4,0.63,,,,,,,,,,
8GON,RLQSLQIYV,9,0.89,0.63,0.6,0.49,0.55,0.56,0.66,0.38,0.58,,,,,,,,,,
8GVB,RYPLTFGW,8,0.75,0.37,0.45,0.63,0.5,0.68,0.4,0.66,,,,,,,,,,,
8GVG,RFPLTFGW,8,0.86,0.69,0.48,0.63,0.63,0.61,0.41,0.6,,,,,,,,,,,
8GVI,RYPLTFGW,8,0.68,0.42,0.51,0.87,0.82,1.08,0.42,0.68,,,,,,,,,,,
8I5C,VVGAVGVGK,9,1.01,0.64,0.47,0.66,0.72,0.58,0.84,0.44,0.5,,,,,,,,,,
8I5D,VVGAVGVGK,9,0.78,0.53,0.39,0.49,0.67,0.56,0.56,0.34,0.58,,,,,,,,,,
8PJG,PKYVKQNTLKLAR,13,0.77,0.54,0.41,0.54,0.45,0.46,0.44,0.51,0.75,0.81,0.51,0.52,0.97,,,,,,
8RJ5,NYNYLYRLF,9,0.65,0.36,0.52,0.53,0.51,0.41,0.54,0.55,0.43,,,,,,,,,,
8RLT,ILSPFLPLL,9,0.64,0.64,0.41,0.41,0.42,0.52,0.49,0.7,0.78,,,,,,,,,,
8RLU,ILNPFLPLL,9,0.79,0.78,0.45,0.48,0.47,0.67,0.54,0.74,0.76,,,,,,,,,,
8RLV,ILSPFIPLL,9,0.62,0.82,0.4,0.41,0.44,0.47,0.42,0.67,0.62,,,,,,,,,,
8RRO,VVVGAVGVGK,10,1,0.75,0.75,0.67,0.62,0.71,0.52,0.72,0.44,0.64,,,,,,,,,
8RYM,ELFSYLIEK,9,1.32,0.72,0.53,0.75,0.51,0.53,0.52,0.63,0.46,,,,,,,,,,
8RYN,ELFSYLIEK,9,0.84,0.71,0.44,0.6,0.44,0.53,0.59,0.74,0.39,,,,,,,,,,
8RYO,ELFSYLIEK,9,1.16,0.74,0.46,0.65,0.4,0.53,0.42,0.63,0.41,,,,,,,,,,
8RYP,ELFSYLIEK,9,1.17,0.77,0.52,0.64,0.47,0.56,0.45,0.81,0.44,,,,,,,,,,
8RYQ,ELFSYLIEK,9,1.02,0.68,0.49,0.55,0.41,0.63,0.53,0.46,0.43,,,,,,,,,,
8V4Z,LPFEKSTIM,9,0.58,0.4,0.37,0.55,0.52,0.53,0.45,0.71,0.61,,,,,,,,,,
8V50,LPFDKSTVM,9,0.55,0.39,0.39,0.39,0.46,0.49,0.57,0.55,0.62,,,,,,,,,,
8V51,LPFEKSTVM,9,0.62,0.39,0.38,0.56,0.54,0.55,0.5,0.58,0.63,,,,,,,,,,
8VCX,GQVELGGGPGAESCQ,15,2.02,1.51,0.85,0.79,0.85,0.59,0.61,0.54,0.64,0.57,0.73,0.72,0.9,1.44,2.12,,,,
8VCY,GQVELGGGSSPETCI,15,1.93,1.45,0.91,0.97,0.98,0.63,0.72,0.63,0.75,0.56,0.69,0.63,0.75,1.08,1.72,,,,
8VD0,GQVELGGGNAVEVCKG,16,0.97,1.02,0.73,0.95,0.96,0.61,0.63,0.61,0.75,0.69,0.93,0.87,1.25,1.59,2.31,2.88,,,
8VD2,GQVELGGGTPIESC,14,0.69,0.68,0.49,0.63,0.7,0.42,0.45,0.57,0.63,0.56,0.71,0.63,0.86,1.56,,,,,
8WTE,VVGAVGVGK,9,0.67,0.67,0.45,0.58,0.68,0.56,0.58,0.37,0.5,,,,,,,,,,
8WUL,VVGAVGVGK,9,0.76,0.71,0.58,0.65,0.69,0.59,0.72,0.36,0.45,,,,,,,,,,
8YE4,NYNYLYRLF,9,1.14,0.41,0.62,0.72,0.51,0.6,0.88,0.61,0.53,,,,,,,,,,
8YIV,ILDTAGKEEY,10,0.76,0.61,0.52,0.66,0.45,0.38,0.67,0.7,0.85,0.59,,,,,,,,,
8YJ2,ILDTAGREEY,10,0.66,0.61,0.47,0.55,0.48,0.52,0.64,0.49,0.84,0.44,,,,,,,,,
